model,accuracy,macro_precision,macro_recall,macro_f1,seconds_per_document,documents_processed,documents_failed
ResNet50,0.28,0.15714285714285714,0.27999999999999997,0.19330143540669856,0.040217991998943034,25,0
XLM-RoBERTa,0.76,0.6666666666666667,0.76,0.692929292929293,0.024048747999186163,25,0
LayoutLMv3,0.56,0.39090909090909093,0.5599999999999999,0.43611111111111106,0.058775020001048686,25,0
